Round,Accuracy_fedGRA,Comm_fedGRA,Accuracy_high_loss,Comm_high_loss,Accuracy_fedavg,Comm_fedavg
1,11.35,4,11.35,4,18.57,20
2,30.04,4,11.35,4,30.009999999999998,20
3,21.18,4,8.92,4,38.95,20
4,10.32,4,10.100000000000001,4,40.589999999999996,20
5,19.59,4,21.98,4,41.5,20
6,20.53,4,9.82,4,41.959999999999994,20
7,18.709999999999997,4,13.96,4,42.53,20
8,29.64,4,25.069999999999997,4,43.14,20
9,16.88,4,8.92,4,43.45,20
10,20.979999999999997,4,10.100000000000001,4,43.81,20
