Round,Accuracy_high_loss,Comm_high_loss,Accuracy_fedGRA,Comm_fedGRA
1,9.8,4,19.13,4
2,9.8,4,22.41,4
3,9.8,4,15.4,4
4,9.8,4,20.57,4
5,9.8,4,27.500000000000004,4
6,9.8,4,16.439999999999998,4
7,9.8,4,9.82,4
8,9.8,4,29.42,4
9,9.8,4,8.92,4
10,9.8,4,24.01,4
